date,open,high,low,close,volume
2023-01-01,48173964.81134616,49602095.89051021,48172522.82429679,48173964.81134616,520.7360854857146
2023-01-02,48173964.81134616,48173964.81134616,46879742.71501461,47039776.728541695,452.8540201738989
2023-01-03,47039776.728541695,48421963.13681881,46960850.1463509,47277647.85080057,316.834404772881
2023-01-04,47277647.85080057,47301634.505301364,46920279.45108764,47096817.85210268,776.6026383077034
2023-01-05,47096817.85210268,47462845.312011875,46841794.714423224,47198734.27563926,382.46209490048193
2023-01-06,47198734.27563926,47198734.27563926,46335273.93921598,46511479.23806849,345.52389713125217
2023-01-07,46511479.23806849,48186409.12661175,46511479.23806849,47445799.9491603,217.80129776544555
2023-01-08,47445799.9491603,48446088.19939521,47445799.9491603,48302473.660441846,494.9395316217538
2023-01-09,48302473.660441846,48535252.42619584,48244222.56731646,48487018.76518757,372.6681659535718
2023-01-10,48487018.76518757,49744160.82469112,48487018.76518757,49701367.62320357,432.3455572068717
2023-01-11,49701367.62320357,50688037.188432515,49701367.62320357,50290338.1159926,312.3975363584974
2023-01-12,50290338.1159926,50290338.1159926,49045835.72129414,49551781.791304134,786.8399408379104
2023-01-13,49551781.791304134,50375544.14745779,49551781.791304134,50041106.41354695,937.0030126192456
2023-01-14,50041106.41354695,50041106.41354695,49071785.90048608,49206538.254257165,548.1386675099989
2023-01-15,49206538.254257165,50644714.61279774,49206538.254257165,50194064.56700761,678.6985810067494
2023-01-16,50194064.56700761,51088287.35972152,49957909.39443551,50269430.040432915,880.4550489460354
2023-01-17,50269430.040432915,50696349.85268962,50038596.24936277,50209245.10250704,998.9466736002927
2023-01-18,50209245.10250704,50209245.10250704,49494068.153774805,49650989.047412984,652.164836256849
2023-01-19,49650989.047412984,51670228.9873517,49650989.047412984,50989124.2523618,900.8015198858818
2023-01-20,50989124.2523618,51056517.6062251,50645034.47295484,50959010.60375551,917.7474219000778
2023-01-21,50959010.60375551,51360898.52800854,49582189.37008821,50649864.889635034,812.3063390268601
2023-01-22,50649864.889635034,50649864.889635034,50236030.25457925,50419779.21675239,514.8382519657991
2023-01-23,50419779.21675239,51825882.10890591,49968898.7602351,51082606.89700725,173.03860038150938
2023-01-24,51082606.89700725,51651495.333905496,51082606.89700725,51583670.123904854,114.22499989612047
2023-01-25,51583670.123904854,52273071.02298877,51583670.123904854,52138434.55693352,529.4805699546321
2023-01-26,52138434.55693352,53542915.77052851,52138434.55693352,52718027.29674744,544.883080181156
2023-01-27,52718027.29674744,55307255.179380335,52718027.29674744,55107891.09864336,466.62614907667506
2023-01-28,55107891.09864336,55313440.85714873,54686611.2190654,54797727.33711443,611.3506161622281
2023-01-29,54797727.33711443,54797727.33711443,54101263.94316469,54373326.90749558,596.9464329739844
2023-01-30,54373326.90749558,54373326.90749558,53364145.316021726,53624309.613135785,852.9517369294236
2023-01-31,53624309.613135785,55271070.23915446,53624309.613135785,54418999.8125988,197.79139293603617
2023-02-01,54418999.8125988,56139403.653589614,54418999.8125988,55783798.17185044,302.6598994949909
2023-02-02,55783798.17185044,56096742.76829944,55245903.333907254,55796129.22767977,813.7044810636673
2023-02-03,55796129.22767977,55796129.22767977,54691306.48844361,54998069.9635475,863.0531805012891
2023-02-04,54998069.9635475,55527043.08963622,53791758.83535729,54228667.62677201,995.3417922587811
2023-02-05,54228667.62677201,55503015.52788361,54228667.62677201,55069854.896865346,885.6208147483758
2023-02-06,55069854.896865346,56971010.65561095,55069854.896865346,56026147.52130078,900.909106365098
2023-02-07,56026147.52130078,57243920.08593159,56026147.52130078,56774829.713361844,382.91314836691436
2023-02-08,56774829.713361844,56774829.713361844,55768760.358058885,56161082.78156715,461.4954706084387
2023-02-09,56161082.78156715,56663628.733516805,56161082.78156715,56562254.114189625,341.2765943384959
2023-02-10,56562254.114189625,56979668.81083441,56402388.428554066,56835659.997237846,645.6694583734441
2023-02-11,56835659.997237846,57317431.03015143,56734643.24417129,57226335.3618102,944.9248187863345
2023-02-12,57226335.3618102,58485485.866219975,57226335.3618102,58366774.71003064,410.17679786045596
2023-02-13,58366774.71003064,59366456.64181921,58366774.71003064,58773702.66723566,601.3016036933052
2023-02-14,58773702.66723566,60140803.49245133,58773702.66723566,59718682.20175856,366.66966740813655
2023-02-15,59718682.20175856,60345953.15870642,59686410.689506784,59948693.5667489,252.81997639543675
2023-02-16,59948693.5667489,60677948.90272351,59694630.14461368,60445211.90539114,275.6669768367901
2023-02-17,60445211.90539114,61700978.03982482,60445211.90539114,61359491.9468384,152.15081008431696
2023-02-18,61359491.9468384,61359491.9468384,59659197.08605122,59724683.860831045,954.3641707083317
2023-02-19,59724683.860831045,60702859.19221557,58037489.822246246,59492150.32375617,462.59164765686666
2023-02-20,59492150.32375617,59492150.32375617,58267476.31665386,59081211.08641814,850.7088028018974
2023-02-21,59081211.08641814,59081211.08641814,57613254.76786646,58474000.57392415,713.196525420722
2023-02-22,58474000.57392415,58737706.8271658,58211056.46406109,58298412.21223616,272.72904526997684
2023-02-23,58298412.21223616,60543451.541793495,58298412.21223616,59924869.48372056,257.91602192117904
2023-02-24,59924869.48372056,59924869.48372056,58697773.51168286,58767323.412695885,830.7893813594903
2023-02-25,58767323.412695885,60319244.126310095,58767323.412695885,59787851.3102263,338.2405395575836
2023-02-26,59787851.3102263,59787851.3102263,57567363.61287953,57655972.254009046,921.9566653317781
2023-02-27,57655972.254009046,57655972.254009046,56323442.789574765,57154497.86955817,226.04986422054156
2023-02-28,57154497.86955817,57255496.94026611,56965009.039973855,57226230.26807521,709.9377530090226
2023-03-01,57226230.26807521,58225070.82409876,57128487.71562724,57782723.68999214,833.0264884278405
2023-03-02,57782723.68999214,59015600.185044564,57782723.68999214,58489090.421435125,311.7307495740805
2023-03-03,58489090.421435125,59738628.26784838,58489090.421435125,59300155.404096335,348.58662711090943
2023-03-04,59300155.404096335,59300155.404096335,58137995.48468234,58767966.0737354,968.0669975252815
2023-03-05,58767966.0737354,58767966.0737354,57842600.01612873,58107000.65227909,338.13784481154244
2023-03-06,58107000.65227909,59311380.72786005,58107000.65227909,58987874.752811514,486.961344910043
2023-03-07,58987874.752811514,58987874.752811514,58598841.374516234,58644206.292190135,489.2640339181295
2023-03-08,58644206.292190135,58644206.292190135,56918400.37750595,57030685.64140666,327.7312749367152
2023-03-09,57030685.64140666,57030685.64140666,55003987.00178445,55623981.33325869,798.2119777933815
2023-03-10,55623981.33325869,55623981.33325869,54364920.185524,54489861.43472466,794.6644089062397
2023-03-11,54489861.43472466,55416822.65649785,54047880.721248895,54922686.11294069,440.4862128014071
2023-03-12,54922686.11294069,55073644.38356271,54467486.283547394,54969288.82064697,851.6132119726603
2023-03-13,54969288.82064697,56427609.88241561,54969288.82064697,55618460.02008924,291.76744095910215
2023-03-14,55618460.02008924,55767289.821109906,54306081.59461822,55031960.41547415,103.87519810091078
2023-03-15,55031960.41547415,55783966.90414209,53548617.68070042,55096391.4947155,614.050625850167
2023-03-16,55096391.4947155,55816144.60221926,55096391.4947155,55675554.17695322,994.6699952071407
2023-03-17,55675554.17695322,55675554.17695322,54427173.22069504,55219742.26796637,134.77987884419613
2023-03-18,55219742.26796637,56954011.29185228,55219742.26796637,55613763.00127663,287.19826633761454
2023-03-19,55613763.00127663,55613763.00127663,54683458.89976034,54766291.627056524,567.0231782383757
2023-03-20,54766291.627056524,54766291.627056524,54024374.94479874,54259096.78705627,828.9466628003836
2023-03-21,54259096.78705627,54312448.395758115,53703051.884740666,53736323.526727304,180.1378045675479
2023-03-22,53736323.526727304,53736323.526727304,52285865.205419965,52343650.358044654,455.71118838300487
2023-03-23,52343650.358044654,53802310.58420169,52343650.358044654,52748761.402693175,772.3682205668977
2023-03-24,52748761.402693175,52761637.74223432,51418969.03010506,52148056.038983405,434.38888756572544
2023-03-25,52148056.038983405,52492747.37932643,51253229.06445613,52056790.80697682,269.9527784280751
2023-03-26,52056790.80697682,52576699.99347216,52056790.80697682,52453199.79043922,275.94624465692857
2023-03-27,52453199.79043922,53667672.0878596,52453199.79043922,52816733.1706375,469.04390822349484
2023-03-28,52816733.1706375,54066887.69651325,52816733.1706375,53413969.05942285,531.475367325302
2023-03-29,53413969.05942285,53413969.05942285,53197405.951186605,53201931.10885623,875.6329760344125
2023-03-30,53201931.10885623,53603946.48669911,52226628.44357937,52645121.49392116,678.0271767111942
2023-03-31,52645121.49392116,53322340.80982338,52361284.23103455,52455895.75296441,721.3617590639514
2023-04-01,52455895.75296441,52455895.75296441,50248933.5317917,50580771.17809668,984.6884543823163
2023-04-02,50580771.17809668,50580771.17809668,48414612.40574435,49015688.33900845,470.6590962708764
2023-04-03,49015688.33900845,49015688.33900845,46868972.452716,47620996.32302462,463.0189629242155
2023-04-04,47620996.32302462,47620996.32302462,46345612.087123886,46575956.580171406,931.012270953231
2023-04-05,46575956.580171406,46968432.15741879,46398990.002412066,46855202.00752591,321.28802830455277
2023-04-06,46855202.00752591,46855202.00752591,45342742.88216059,45912963.52246127,756.8337216725799
2023-04-07,45912963.52246127,45912963.52246127,44959986.24593794,45473886.324432924,779.1158243963212
2023-04-08,45473886.324432924,46833486.1789771,45473886.324432924,46564557.75024426,188.00919770089877
2023-04-09,46564557.75024426,46727668.54767464,45863567.95733054,46139643.14964735,521.4082651242256
2023-04-10,46139643.14964735,47021196.68098599,46139643.14964735,46727937.96627566,280.5062241893986
2023-04-11,46727937.96627566,46727937.96627566,45259798.265371844,45761961.50962871,266.8377455222371
2023-04-12,45761961.50962871,45761961.50962871,45163707.273583926,45482413.07429404,517.4452994165886
2023-04-13,45482413.07429404,45482413.07429404,43923555.49379049,44527262.3375228,360.4867367572585
2023-04-14,44527262.3375228,44527262.3375228,43785576.850261964,44136283.518613316,816.4544028632838
2023-04-15,44136283.518613316,45544747.71951701,44136283.518613316,44789772.515532434,916.8444022514342
2023-04-16,44789772.515532434,44789772.515532434,42790288.10323088,43152867.194177,822.4485447595291
2023-04-17,43152867.194177,43890812.84566593,42795345.93729889,43441493.975707546,339.4277853594987
2023-04-18,43441493.975707546,43663651.792443976,43441493.975707546,43561162.78248671,346.72095431974753
2023-04-19,43561162.78248671,43567988.302716725,42461438.54007027,42956403.19817543,329.25551510572063
2023-04-20,42956403.19817543,42956403.19817543,41528051.970327295,41628141.5069591,221.53428645061246
2023-04-21,41628141.5069591,41940522.54160964,41562487.51350415,41604937.57102399,949.41853129334
2023-04-22,41604937.57102399,41608058.377743624,41048688.010635294,41081137.47378371,461.84301834136244
2023-04-23,41081137.47378371,41484170.83278805,40723182.60860592,41190147.26734697,302.2205270912864
2023-04-24,41190147.26734697,41225147.00204303,40977193.59480174,41125768.83465664,862.0039454574191
2023-04-25,41125768.83465664,42621091.80909822,41125768.83465664,42361005.06516126,459.2757723920114
2023-04-26,42361005.06516126,42684057.8333364,41657546.15036045,42073496.15607574,131.6051299986999
2023-04-27,42073496.15607574,42073496.15607574,40942899.836246274,41128106.807332,245.74741322466807
2023-04-28,41128106.807332,41206542.15854683,41128106.807332,41193315.942966044,675.325306320553
2023-04-29,41193315.942966044,41403217.38651262,40982562.91718196,41292177.16926519,804.6147467545516
2023-04-30,41292177.16926519,42594386.509601764,41292177.16926519,42332069.098188505,289.8409496398416
2023-05-01,42332069.098188505,43156818.677933656,42332069.098188505,42954444.69932673,925.656030339528
2023-05-02,42954444.69932673,43405438.46325117,42954444.69932673,43175119.773428634,865.897408046948
2023-05-03,43175119.773428634,44534906.293756634,43175119.773428634,44352335.08574596,863.5426786549729
2023-05-04,44352335.08574596,44352335.08574596,43166604.39611825,43209142.06911683,304.89503211929275
2023-05-05,43209142.06911683,43209142.06911683,42466035.25135201,42569861.487628214,145.48238978505194
2023-05-06,42569861.487628214,42701866.542810455,40821287.83048483,41695837.574984916,880.6811855343253
2023-05-07,41695837.574984916,41952490.60504621,40918182.21473386,41287376.97508455,375.22020586471064
2023-05-08,41287376.97508455,41287376.97508455,39962598.74393918,40068007.022123694,657.0247430561733
2023-05-09,40068007.022123694,40660976.96948425,40068007.022123694,40496855.660020806,783.970195330657
2023-05-10,40496855.660020806,41015179.28233947,39679933.39134161,40235875.53892498,215.46393266000814
2023-05-11,40235875.53892498,40235875.53892498,38907540.954415604,38971820.2076976,802.7545190671432
2023-05-12,38971820.2076976,38971820.2076976,37611370.40218603,38102297.26009183,944.6603130649593
2023-05-13,38102297.26009183,38337678.98833073,38102297.26009183,38265004.62178569,755.5374691717682
2023-05-14,38265004.62178569,39378293.46507032,38265004.62178569,38944687.96628987,497.10047363250226
2023-05-15,38944687.96628987,40773821.445482045,38944687.96628987,40538873.884847924,889.0103248765325
2023-05-16,40538873.884847924,43167140.28763363,40538873.884847924,42941906.81927803,574.7118670653031
2023-05-17,42941906.81927803,43988446.09489343,42595820.54545569,43340759.35147266,770.2938350350787
2023-05-18,43340759.35147266,43340759.35147266,41539907.584140085,42526353.440235935,838.4553494727437
2023-05-19,42526353.440235935,42526353.440235935,39939776.40943722,40755516.719969764,774.4175755291053
2023-05-20,40755516.719969764,41085015.26381607,40755516.719969764,41014486.616283365,359.06938844333854
2023-05-21,41014486.616283365,41014486.616283365,40382786.25348068,40388653.869431004,206.05951081524796
2023-05-22,40388653.869431004,40388653.869431004,39816840.89949116,40093528.11102938,314.5046764258541
2023-05-23,40093528.11102938,40093528.11102938,39455254.22662558,39642799.23474489,552.587443282318
2023-05-24,39642799.23474489,40255655.99873934,39418765.897236094,39570815.1370939,554.7492300637863
2023-05-25,39570815.1370939,40520522.73327765,39570815.1370939,40454020.08527688,624.3799143830838
2023-05-26,40454020.08527688,40780151.489001445,40203057.795689166,40621539.02339811,455.5916537931018
2023-05-27,40621539.02339811,41282264.83800441,40458676.060487255,40533280.737956755,808.2022433050249
2023-05-28,40533280.737956755,40533280.737956755,39351740.41284424,39734245.132482566,921.8383753124871
2023-05-29,39734245.132482566,39734245.132482566,38338320.74042768,38443134.12473363,322.05254813152413
2023-05-30,38443134.12473363,38528283.154067166,37893705.13813908,38107673.25536986,762.8708959316992
2023-05-31,38107673.25536986,38328564.24560233,37838888.727481134,38104790.37115672,710.1746672905402
2023-06-01,38104790.37115672,39616359.026130736,38104790.37115672,39490227.13648505,570.7814493513835
2023-06-02,39490227.13648505,39977034.86827703,39490227.13648505,39632608.77248275,269.67721048674423
2023-06-03,39632608.77248275,40522970.87096635,39632608.77248275,40451211.992567986,815.7090327244385
2023-06-04,40451211.992567986,40573792.13041798,39105222.18245466,40087720.96249128,964.5636570659494
2023-06-05,40087720.96249128,40087720.96249128,38622357.670858845,39177774.782166384,749.652699010252
2023-06-06,39177774.782166384,39177774.782166384,38004174.06220042,38460730.01396388,926.0739969631607
2023-06-07,38460730.01396388,38460730.01396388,37803510.32281542,37941336.26663385,985.7667384531998
2023-06-08,37941336.26663385,39951726.48607759,37941336.26663385,39594417.31993398,416.8456068153144
2023-06-09,39594417.31993398,39594417.31993398,38395955.92144188,38983565.19808901,674.4011976337032
2023-06-10,38983565.19808901,39708665.73808935,38983565.19808901,39676294.73412209,526.5394638742702
2023-06-11,39676294.73412209,39676294.73412209,38663751.19741133,38999474.93203161,987.965872176907
2023-06-12,38999474.93203161,40407559.59237999,38787894.63364157,39765091.57422256,184.42704160695243
2023-06-13,39765091.57422256,40304370.74534956,39388312.00162193,40111008.87417248,471.13742286750215
2023-06-14,40111008.87417248,40234682.37304875,39860657.195095584,40025461.80098674,887.9851400745125
2023-06-15,40025461.80098674,41059596.90567876,39887303.707324,40032856.48413281,355.64617947386387
2023-06-16,40032856.48413281,40032856.48413281,39094134.47964679,39548628.90384292,809.0135655749855
2023-06-17,39548628.90384292,40049795.63882718,39178881.88310396,39941008.41196146,444.5048465022301
2023-06-18,39941008.41196146,39941008.41196146,39571194.43286559,39617499.440061525,981.9806859011425
2023-06-19,39617499.440061525,39617499.440061525,38299979.12598174,38686008.22630588,895.1768527813367
2023-06-20,38686008.22630588,38686008.22630588,37703909.028600514,37735928.1642755,371.1883218963538
2023-06-21,37735928.1642755,38036336.97613427,37297378.66252403,37903919.39774345,793.1738021840696
2023-06-22,37903919.39774345,40071422.55486227,37903919.39774345,39138898.27123444,403.1708894499418
2023-06-23,39138898.27123444,39468422.96007227,39138898.27123444,39303275.0792637,645.7265561939815
2023-06-24,39303275.0792637,39401491.7089166,39105586.07897141,39249320.85902216,692.6326915539628
2023-06-25,39249320.85902216,39578897.9497061,39249320.85902216,39512939.8171443,846.6358681771344
2023-06-26,39512939.8171443,40916016.78556821,39512939.8171443,40584532.12138439,122.00575679381339
2023-06-27,40584532.12138439,41058242.06290621,40454448.3570237,40803187.376975186,298.14210203706966
2023-06-28,40803187.376975186,41015704.62289015,40184492.81097408,40508647.74839195,740.7260295297209
2023-06-29,40508647.74839195,41661506.17515318,40508647.74839195,41445441.589417115,607.1709132725836
2023-06-30,41445441.589417115,42024471.47411072,41445441.589417115,41842287.02953347,546.0445703810287
2023-07-01,41842287.02953347,43376145.75888084,41842287.02953347,43169320.17705144,149.68896103718242
2023-07-02,43169320.17705144,43713667.79479654,43169320.17705144,43370691.61898637,413.4482951153106
2023-07-03,43370691.61898637,43370691.61898637,42197202.298933,42351940.935170375,878.5902087195835
2023-07-04,42351940.935170375,42351940.935170375,40982650.14297595,41235408.924178295,127.80355333242896
2023-07-05,41235408.924178295,42819293.87948279,41235408.924178295,42638178.100900546,456.7926118283309
2023-07-06,42638178.100900546,44289362.87784082,42638178.100900546,44150695.598784946,950.6334589036953
2023-07-07,44150695.598784946,44150695.598784946,43592657.58050049,44036328.33158825,145.79266109051315
2023-07-08,44036328.33158825,44159337.10661528,43630613.50043804,43742881.40619892,774.7351759401731
2023-07-09,43742881.40619892,46079947.46339951,43742881.40619892,45065179.97475145,331.85135456383284
2023-07-10,45065179.97475145,45065179.97475145,43259417.0017185,44112460.89669497,879.9479489383052
2023-07-11,44112460.89669497,44112460.89669497,42516993.8446181,43367201.144853555,771.4611810634285
2023-07-12,43367201.144853555,44988780.98235019,43367201.144853555,43968553.99614148,897.1346537725266
2023-07-13,43968553.99614148,44086295.93757839,43260942.732665665,43665518.2171055,294.3323113881394
2023-07-14,43665518.2171055,44104677.08942777,43055731.29532719,43704710.756031185,578.1634793367444
2023-07-15,43704710.756031185,43704710.756031185,43144081.691605955,43605550.97468439,801.3429492173207
2023-07-16,43605550.97468439,44432635.83292531,43362387.3662334,43943559.00956723,321.1297686954829
2023-07-17,43943559.00956723,45335325.26196607,43943559.00956723,45224497.813127495,307.6716747404953
2023-07-18,45224497.813127495,45819146.53616498,45161075.68003487,45351655.449422225,124.46392014782653
2023-07-19,45351655.449422225,46007269.22421343,45351655.449422225,45981080.91053581,962.663764577907
2023-07-20,45981080.91053581,45981080.91053581,43854509.69863237,44141679.40628573,739.015192049161
2023-07-21,44141679.40628573,44573626.4982223,43845194.512441844,44142810.8441083,672.0043186091664
2023-07-22,44142810.8441083,44142810.8441083,43133045.521056816,43442502.568561114,769.5952504254918
2023-07-23,43442502.568561114,43442502.568561114,42053829.913043424,42426979.28096868,578.4516268258953
2023-07-24,42426979.28096868,42426979.28096868,40772264.79866265,41724259.21470525,528.5204389813694
2023-07-25,41724259.21470525,41755785.43816325,41363733.51163056,41487162.41292975,504.5790170111688
2023-07-26,41487162.41292975,42294384.56496646,41487162.41292975,42288613.525925465,676.3952908932772
2023-07-27,42288613.525925465,42288613.525925465,41007531.65363424,41209075.95896958,281.3814778531449
2023-07-28,41209075.95896958,41702764.932295814,41198776.339193456,41275530.945029736,899.2528255133827
2023-07-29,41275530.945029736,41275530.945029736,40707115.747890316,40999670.52930087,830.5771340973387
2023-07-30,40999670.52930087,40999670.52930087,39770651.37617229,40853979.76268563,414.60725030683045
2023-07-31,40853979.76268563,42304066.90665206,40853979.76268563,41795874.66001105,620.748367131272
2023-08-01,41795874.66001105,43033544.92060255,41603903.65845981,42371082.39114375,226.92456995501317
2023-08-02,42371082.39114375,43930738.581777416,42371082.39114375,43631535.7463215,975.1116231402382
2023-08-03,43631535.7463215,43780716.067591354,43106097.473102376,43627603.952216424,912.6034188672552
2023-08-04,43627603.952216424,43627603.952216424,42579505.77842534,43151240.59136426,929.7077558492804
2023-08-05,43151240.59136426,43151240.59136426,43068352.16668674,43087498.599824175,398.94674293310646
2023-08-06,43087498.599824175,43915583.15249441,42865295.92897883,43425732.69871085,252.22123664457015
2023-08-07,43425732.69871085,44706262.50863455,43425732.69871085,43709366.44612547,290.5949471196793
2023-08-08,43709366.44612547,43709366.44612547,42556876.90521766,42892536.23308273,181.00125194058086
2023-08-09,42892536.23308273,43496593.92272845,42710564.40685098,43098840.56652592,208.0995670912459
2023-08-10,43098840.56652592,44059379.56117203,43098840.56652592,43424864.61649391,164.17408076636087
2023-08-11,43424864.61649391,45870818.28582751,43424864.61649391,45741558.59545236,990.8407622843862
2023-08-12,45741558.59545236,47960989.84620526,45741558.59545236,47595779.226468705,166.65191503216624
2023-08-13,47595779.226468705,47595779.226468705,46663779.043493114,46926350.921355106,219.28787285627226
2023-08-14,46926350.921355106,47321326.75104889,46532451.70134972,46797412.92465886,844.5291360316628
2023-08-15,46797412.92465886,46797412.92465886,45317678.487017594,45568099.17040772,622.2161950686489
2023-08-16,45568099.17040772,45568099.17040772,44659340.847145826,45166455.55206007,796.9754841123992
2023-08-17,45166455.55206007,45837203.94635659,45047240.93006726,45587050.10604966,667.8208069953895
2023-08-18,45587050.10604966,46911111.078785636,45587050.10604966,46823237.445087664,893.9575632960532
2023-08-19,46823237.445087664,46823237.445087664,46129602.584101856,46280945.844382025,674.6207749882665
2023-08-20,46280945.844382025,46280945.844382025,45451208.21400725,45814298.362573706,569.9125836128358
2023-08-21,45814298.362573706,45814298.362573706,43972517.09960059,43984210.452078864,741.4747243851698
2023-08-22,43984210.452078864,44327934.74593282,43722185.80039563,43973068.44178253,502.65347661289854
2023-08-23,43973068.44178253,43973068.44178253,42903758.355827026,43170635.21418314,411.4574406142612
2023-08-24,43170635.21418314,43805820.1624642,42178150.044726685,42843022.39208914,520.8872072051912
2023-08-25,42843022.39208914,42843022.39208914,41681060.22600473,42220204.140189834,252.7426945887046
2023-08-26,42220204.140189834,42769288.027888656,41844050.522916555,42267269.066944025,816.9145568224222
2023-08-27,42267269.066944025,42267269.066944025,40219458.76430477,40908183.2968633,334.63340320235017
2023-08-28,40908183.2968633,40908183.2968633,39619133.47175124,39830624.73068896,238.17839170334273
2023-08-29,39830624.73068896,41687545.79854856,39830624.73068896,41646301.45844307,321.7170176049041
2023-08-30,41646301.45844307,41646301.45844307,40671242.766829915,40698912.58433548,857.8631365950158
2023-08-31,40698912.58433548,40698912.58433548,39763685.681435876,39928249.71446278,397.18116603795823
2023-09-01,39928249.71446278,41729269.87692056,39928249.71446278,41514929.30485993,717.4448825553102
2023-09-02,41514929.30485993,44215294.21216677,41514929.30485993,44051547.25591221,870.7686675901654
2023-09-03,44051547.25591221,44051547.25591221,42478617.945811994,43151515.44341695,169.9702002325379
2023-09-04,43151515.44341695,43151515.44341695,42547577.66066085,42963159.97882998,788.5219646602386
2023-09-05,42963159.97882998,43515373.168866225,42727466.95644923,43385535.57430076,376.89891974112703
2023-09-06,43385535.57430076,45472641.58392186,43385535.57430076,45015701.64399503,294.9601277656384
2023-09-07,45015701.64399503,45169093.17881983,44128608.37502781,44262267.472771205,720.0113072076749
2023-09-08,44262267.472771205,44966573.52845191,43857460.29323291,44177923.20274482,918.8169604599104
2023-09-09,44177923.20274482,45508471.176084526,44177923.20274482,44997280.16711032,365.51728784115585
2023-09-10,44997280.16711032,45942741.503966786,44997280.16711032,45523537.82481023,611.9504248458871
2023-09-11,45523537.82481023,45705103.823683515,45300164.70889658,45317629.33555114,360.8507024645424
2023-09-12,45317629.33555114,45622248.74154661,44543669.11322187,45332291.43350734,598.8570271537851
2023-09-13,45332291.43350734,45332291.43350734,44008493.14241955,44221744.758293144,659.6758275889065
2023-09-14,44221744.758293144,44695410.068847485,43702616.181866795,44143760.82228452,649.3018499111619
2023-09-15,44143760.82228452,44320829.029866345,43998103.34559299,44041005.19185129,661.1917326784713
2023-09-16,44041005.19185129,44706028.87949096,44024480.70794025,44377628.11371527,221.57181299577167
2023-09-17,44377628.11371527,44377628.11371527,43821049.58598799,44017878.902092926,724.1864226280476
2023-09-18,44017878.902092926,44716928.92904385,44017878.902092926,44565055.05046047,707.275320742201
2023-09-19,44565055.05046047,46414736.316120714,44565055.05046047,45601384.93904411,714.3293099951949
2023-09-20,45601384.93904411,45918310.25017689,45496362.401890256,45879944.945897765,166.6634974648357
2023-09-21,45879944.945897765,46598097.40795426,45879944.945897765,46340356.0737699,502.15495817273734
2023-09-22,46340356.0737699,47124134.51269812,46226089.86542865,46528641.89667087,468.13161884115675
2023-09-23,46528641.89667087,47453181.68852559,46391304.432868846,46668306.356279455,178.04033527887924
2023-09-24,46668306.356279455,46932502.568926804,45425756.90349489,46134833.44808405,300.13113510712964
2023-09-25,46134833.44808405,47198190.83950513,45890374.88530128,46565266.14941974,496.8663686182331
2023-09-26,46565266.14941974,46733324.517781526,46439580.35930363,46614358.420910075,768.6156788722741
2023-09-27,46614358.420910075,49363465.99966179,46614358.420910075,48705635.45192842,313.3558692861969
2023-09-28,48705635.45192842,50390450.284612335,48705635.45192842,50384377.36461347,846.7749191124203
2023-09-29,50384377.36461347,51027616.444299355,50384377.36461347,50924343.26288415,591.2184571655171
2023-09-30,50924343.26288415,50924343.26288415,49998278.85884986,50299952.547158495,784.3795166661557
2023-10-01,50299952.547158495,50299952.547158495,48532558.20116725,49331767.51972635,525.3003850031714
2023-10-02,49331767.51972635,50685575.051108174,49331767.51972635,50654986.56717633,549.2748028800011
2023-10-03,50654986.56717633,51738448.07075218,50654986.56717633,51073142.696285136,657.7474504416762
2023-10-04,51073142.696285136,51513341.48092054,50872423.45849861,51486981.63336271,935.1735473492417
2023-10-05,51486981.63336271,51486981.63336271,48536368.286875844,49613281.82752942,542.631323271619
2023-10-06,49613281.82752942,51366160.91634797,49442828.64896469,50459127.24005297,575.7917842974618
2023-10-07,50459127.24005297,51296667.84577701,50437411.08177034,50842031.62252142,641.7972671747766
2023-10-08,50842031.62252142,50842031.62252142,49606623.031239815,49636637.53565527,763.7636235679532
2023-10-09,49636637.53565527,49636637.53565527,48971130.14204501,49094084.460222535,164.66530193761088
2023-10-10,49094084.460222535,49301170.01450437,48625742.61935869,49279382.427618064,564.1186946697749
2023-10-11,49279382.427618064,49357123.676920995,49245729.71301951,49257173.98239564,533.4324302854391
2023-10-12,49257173.98239564,49424715.41503265,47915832.58685324,48895457.68278668,929.5164858138133
2023-10-13,48895457.68278668,48895457.68278668,48319354.79709681,48720912.37162482,544.155922392707
2023-10-14,48720912.37162482,48763428.36165437,48320157.77730044,48402299.6478024,521.4884812248979
2023-10-15,48402299.6478024,49083503.988446966,48264541.87807751,48477383.7268468,965.9799896812318
2023-10-16,48477383.7268468,50086097.99973249,48477383.7268468,49831349.27177182,505.5188172407934
2023-10-17,49831349.27177182,49831349.27177182,46193649.563110985,47198601.18323639,262.7959872898813
2023-10-18,47198601.18323639,47742264.53806575,46783379.01973518,46904223.2579668,295.2245105252095
2023-10-19,46904223.2579668,47057111.58892736,46602078.06855991,46999450.483477004,185.6687845032767
2023-10-20,46999450.483477004,47677224.974436656,46463376.915200256,47207182.404985905,100.51131633305
2023-10-21,47207182.404985905,47280791.11316193,46475785.421895936,46785230.84178826,488.7510949004337
2023-10-22,46785230.84178826,46785230.84178826,44549596.18424476,45071280.31316442,792.3183231683993
2023-10-23,45071280.31316442,45316964.34515413,44862039.230251245,45299336.92045329,760.1197985198522
2023-10-24,45299336.92045329,47191794.622875236,45299336.92045329,46796344.301693425,128.93417902256516
2023-10-25,46796344.301693425,46796344.301693425,44346530.08868263,45290567.65693019,612.9846132346296
2023-10-26,45290567.65693019,46163632.84820342,45290567.65693019,46005097.027411796,238.8548128721284
2023-10-27,46005097.027411796,46005097.027411796,45289799.87601462,45633812.686556265,946.9686562882275
2023-10-28,45633812.686556265,46095249.26415639,45395117.430460066,45509392.69331285,250.62849967976135
2023-10-29,45509392.69331285,45509392.69331285,43379304.73286707,44482793.16847628,663.9752959277334
2023-10-30,44482793.16847628,44482793.16847628,43678912.95224235,44118518.08394703,393.6145259476511
2023-10-31,44118518.08394703,45761835.478588074,44118518.08394703,45199461.12604439,677.405193367917
2023-11-01,45199461.12604439,45804074.883441,44389988.919782944,45658375.99355752,471.0327368176676
2023-11-02,45658375.99355752,47274250.94132333,45658375.99355752,47171779.1219234,783.6787470757553
2023-11-03,47171779.1219234,48309261.762740344,47171779.1219234,48211833.72448816,307.61121279507205
2023-11-04,48211833.72448816,48843541.58765583,48172176.78641785,48562899.45300524,915.2126676228341
2023-11-05,48562899.45300524,50310772.82003868,48562899.45300524,50183865.44476395,550.1886843820168
2023-11-06,50183865.44476395,50803943.710883714,50183865.44476395,50549197.1187827,780.4838329415676
2023-11-07,50549197.1187827,51632719.64633088,50549197.1187827,51310456.07432325,864.7571722611044
2023-11-08,51310456.07432325,51310456.07432325,49993972.423207805,50929146.572526515,998.9457498593245
2023-11-09,50929146.572526515,51125232.05846858,50817196.16082436,50920535.28486136,301.5510990345624
2023-11-10,50920535.28486136,50920535.28486136,49945364.92102575,50133890.59387679,358.2031722071094
2023-11-11,50133890.59387679,51190396.789206386,50133890.59387679,51050923.61219471,325.38977805869945
2023-11-12,51050923.61219471,51050923.61219471,49178793.42413601,49771277.46166423,336.5841989438044
2023-11-13,49771277.46166423,50718300.40881364,49771277.46166423,50475392.06476569,624.2002673854397
2023-11-14,50475392.06476569,50929083.0020488,49925676.18903972,50207215.23916584,994.1702708312587
2023-11-15,50207215.23916584,51904245.33518529,50207215.23916584,51308005.51470631,991.250278383479
2023-11-16,51308005.51470631,53102248.54474555,51188831.14344257,52001555.31072717,574.095908226077
2023-11-17,52001555.31072717,54819072.34079149,52001555.31072717,53817081.61512375,675.1244892382064
2023-11-18,53817081.61512375,54538790.809262566,53817081.61512375,54522919.216606565,873.9734893314454
2023-11-19,54522919.216606565,54522919.216606565,52572435.46455272,52726890.36049695,939.6401126081547
2023-11-20,52726890.36049695,52726890.36049695,51741797.596230134,52577195.3728224,283.4745645965895
2023-11-21,52577195.3728224,52577195.3728224,51202440.5923266,51265912.55689495,575.6875560482076
2023-11-22,51265912.55689495,52011606.00050877,50281717.78457931,50657611.9064846,849.5533491953611
2023-11-23,50657611.9064846,52319061.90891928,50657611.9064846,52112729.95812441,372.88186897113246
2023-11-24,52112729.95812441,53521896.249357484,52112729.95812441,52699033.40971694,495.82813823242003
2023-11-25,52699033.40971694,52699033.40971694,51428545.72646412,51883325.699467584,987.0589913608072
2023-11-26,51883325.699467584,51883325.699467584,50616516.988431014,50753600.145113714,986.5420270487839
2023-11-27,50753600.145113714,51092543.03684136,50501832.06725694,50710745.92957128,915.4961296886635
2023-11-28,50710745.92957128,50710745.92957128,48482220.556764275,49400826.35781077,818.6035103452518
2023-11-29,49400826.35781077,49400826.35781077,48435612.65371071,48663627.43216603,342.21745065052517
2023-11-30,48663627.43216603,49592261.21369714,48572632.492343165,48894302.24459532,388.76506666046873
2023-12-01,48894302.24459532,50868512.26159282,48596687.283817984,49950724.308832824,592.5545570843872
2023-12-02,49950724.308832824,50653555.174907625,49950724.308832824,50483959.751748025,604.699637105811
2023-12-03,50483959.751748025,50483959.751748025,47711026.613656335,48094766.465487026,554.9525374213603
2023-12-04,48094766.465487026,48332582.1656002,48094766.465487026,48315393.25084029,673.0032519246755
2023-12-05,48315393.25084029,49159779.21605013,48100439.1107355,48312526.76932394,467.49072036968994
2023-12-06,48312526.76932394,48685360.13324415,48312526.76932394,48639979.68900258,774.2567415839796
2023-12-07,48639979.68900258,50204979.275670946,48639979.68900258,50139267.84124276,400.1949338305198
2023-12-08,50139267.84124276,50139267.84124276,46886462.272631675,47995073.80786056,397.6092972517173
2023-12-09,47995073.80786056,48861047.927480616,47200901.19832877,47355680.14674625,214.5033657026452
2023-12-10,47355680.14674625,48323231.90291144,47355680.14674625,47915335.56312408,269.84098902602733
2023-12-11,47915335.56312408,47915335.56312408,45974694.278547175,46399683.035632215,865.4687910292218
2023-12-12,46399683.035632215,48232238.422500186,46399683.035632215,47769354.39576073,501.6541047223974
2023-12-13,47769354.39576073,48295395.98670986,47769354.39576073,48121277.54728313,305.0810078975504
2023-12-14,48121277.54728313,49175716.00852663,48121277.54728313,48936051.606280245,783.4069900201487
2023-12-15,48936051.606280245,48936051.606280245,47752279.83107749,48377257.03659006,598.5830132351734
2023-12-16,48377257.03659006,49179893.24855843,48377257.03659006,49164610.14052085,119.04041028096414
2023-12-17,49164610.14052085,50355117.42634112,49164610.14052085,50215229.89044958,384.7253116030437
2023-12-18,50215229.89044958,50456165.77681446,50213927.87354132,50449110.356802,259.301270009207
2023-12-19,50449110.356802,50856215.920255706,50449110.356802,50685616.68687179,690.2855748845566
2023-12-20,50685616.68687179,51176228.168913454,50685616.68687179,50959666.962874204,347.5279365672276
2023-12-21,50959666.962874204,51049779.4406766,49874253.981766656,50079751.21957234,158.45210128894928
2023-12-22,50079751.21957234,50264820.20724062,49805178.61552317,49931987.22748857,149.44149027790235
2023-12-23,49931987.22748857,50268518.2124269,49591601.31121859,49779672.16464226,623.5545681628435
2023-12-24,49779672.16464226,50884853.683020964,49701742.14956819,50161376.58219131,119.55111013368065
2023-12-25,50161376.58219131,51194313.57218413,50161376.58219131,51164427.79349677,863.9129018224799
2023-12-26,51164427.79349677,51164427.79349677,49649539.621347584,50081239.93483286,239.85740733154805
2023-12-27,50081239.93483286,50302475.92230288,49766351.483988635,49956027.790003754,645.9097016758868
2023-12-28,49956027.790003754,51863631.52633174,49956027.790003754,51436180.48017389,500.21922520967115
2023-12-29,51436180.48017389,51436180.48017389,50100175.03547186,50671233.71337117,498.56636910871225
2023-12-30,50671233.71337117,50671233.71337117,49175782.83366269,49837945.25743235,164.61742812404128
2023-12-31,49837945.25743235,50332264.40850696,49416285.057045035,50039595.7557068,822.477025190994
2024-01-01,50039595.7557068,50908355.39686985,50039595.7557068,50884649.62758662,903.7472362779273
2024-01-02,50884649.62758662,51038209.385385685,50125324.044916086,50896277.84426321,109.91500064580562
2024-01-03,50896277.84426321,52775675.393343166,50896277.84426321,52249060.79336235,260.74375812740595
2024-01-04,52249060.79336235,53529310.053770445,52249060.79336235,53144394.41101246,913.513769915931
2024-01-05,53144394.41101246,54073200.71150015,53144394.41101246,54039154.76417068,594.5442515200523
2024-01-06,54039154.76417068,55671756.758445196,54039154.76417068,54638034.51161935,235.0356204233891
2024-01-07,54638034.51161935,58301556.28869992,54638034.51161935,57181602.3201751,282.511407348243
2024-01-08,57181602.3201751,57181602.3201751,56630304.802950196,56946972.83809362,693.9876198134027
2024-01-09,56946972.83809362,56946972.83809362,54568182.17512206,54665082.24715709,752.3351400221858
2024-01-10,54665082.24715709,56477364.790121526,54665082.24715709,56419016.17951099,639.4841277219417
2024-01-11,56419016.17951099,56419016.17951099,55078770.6968145,55902557.147500865,957.8335419212732
2024-01-12,55902557.147500865,56149538.78071147,55336309.903193,56023173.00160055,544.6572432955993
2024-01-13,56023173.00160055,58035284.97112825,55842193.13306536,57490476.69304667,370.24472092827403
2024-01-14,57490476.69304667,57490476.69304667,55471534.607848555,55648183.39701747,529.5096189782168
2024-01-15,55648183.39701747,55648183.39701747,54165813.86804009,54255145.52263858,423.69966429994986
2024-01-16,54255145.52263858,54255145.52263858,51597434.154697955,52517594.1726271,301.9743034072177
2024-01-17,52517594.1726271,52517594.1726271,51634794.55050413,51683471.624680884,141.36692440612606
2024-01-18,51683471.624680884,52787000.09634593,51486834.3354137,52137910.54572589,416.99124420861176
2024-01-19,52137910.54572589,52911760.79978518,52112058.751517415,52684511.722880475,740.268412938768
2024-01-20,52684511.722880475,54300910.10883132,52684511.722880475,52975619.127671756,116.59402258767443
2024-01-21,52975619.127671756,52975619.127671756,51007321.46195707,51478776.18003875,495.2606618853412
2024-01-22,51478776.18003875,51478776.18003875,48770439.06786719,49100350.22469575,679.6084613048815
2024-01-23,49100350.22469575,49427870.354481764,48427531.809953794,49153725.82626847,649.3636982568764
2024-01-24,49153725.82626847,49153725.82626847,48425763.7810632,48689934.83009121,798.9835922998443
2024-01-25,48689934.83009121,49156241.81183276,48689934.83009121,49137284.09582627,829.4677440938178
2024-01-26,49137284.09582627,49982460.22793179,48894751.782646604,49827125.990900874,740.535238827449
2024-01-27,49827125.990900874,50489190.83237337,49034384.545078225,49964889.45594788,192.51792653027448
2024-01-28,49964889.45594788,51067395.08988752,49964889.45594788,50724488.76760015,527.5201996039245
2024-01-29,50724488.76760015,51396432.9098615,50724488.76760015,50957021.36303427,643.0653617388477
2024-01-30,50957021.36303427,51743839.37936405,50957021.36303427,51497231.73357675,321.00943492850644
2024-01-31,51497231.73357675,51551125.14490559,50055671.41809132,50771457.28728744,138.29663588209885
2024-02-01,50771457.28728744,50786216.050377466,49990843.263391875,50589074.62277437,301.2312887884422
2024-02-02,50589074.62277437,50840253.91983173,50589074.62277437,50788169.03552952,509.40496155937495
2024-02-03,50788169.03552952,51697744.0329713,50788169.03552952,51621631.813688815,472.5372871491408
2024-02-04,51621631.813688815,52028558.10061546,50963318.56121014,51215120.577239476,259.0002831944455
2024-02-05,51215120.577239476,52070939.295357585,51215120.577239476,51748953.45410406,841.9739884151435
2024-02-06,51748953.45410406,52534329.95536378,51116242.39719784,51473815.868721575,933.1180018630521
2024-02-07,51473815.868721575,51473815.868721575,51221393.63523507,51352808.9911644,281.2134871474437
2024-02-08,51352808.9911644,52871435.1685803,51352808.9911644,52204771.64955632,936.6156240104995
2024-02-09,52204771.64955632,52204771.64955632,50119418.18357129,50123826.41846307,116.07486325766274
2024-02-10,50123826.41846307,50123826.41846307,48573577.928507514,48824143.33988787,932.4662254362509
2024-02-11,48824143.33988787,48824143.33988787,47178377.50061018,47376814.69386713,956.7359110728171
2024-02-12,47376814.69386713,47376814.69386713,44158556.31929436,45165628.724333644,110.84667671433269
2024-02-13,45165628.724333644,45165628.724333644,43854384.76747213,44552943.92671431,786.7173670990733
2024-02-14,44552943.92671431,45502082.45557277,44552943.92671431,45220733.65694128,973.181415312859
2024-02-15,45220733.65694128,45407048.095683165,44348027.00129253,44963080.327161424,915.3119969360005
2024-02-16,44963080.327161424,45663455.29852347,44756272.81307648,45140945.35400677,973.6391450765917
2024-02-17,45140945.35400677,46786795.80029386,45096074.39955136,46124311.50395977,595.2911551278754
2024-02-18,46124311.50395977,47599756.07599079,46124311.50395977,47349083.67884382,170.34052589684944
2024-02-19,47349083.67884382,47928289.6545804,46824421.728329554,47283611.32170921,864.8102780245325
2024-02-20,47283611.32170921,49477044.45560117,47283611.32170921,48563659.90356819,652.4454302281105
2024-02-21,48563659.90356819,48807811.57609003,48547452.71073295,48653140.05773312,653.2630697694601
2024-02-22,48653140.05773312,48653140.05773312,47738121.37556963,47838298.99637363,475.5282488728176
2024-02-23,47838298.99637363,47838298.99637363,47084994.7220436,47269596.96093297,614.6577788689982
2024-02-24,47269596.96093297,47269596.96093297,45227186.79748125,45869909.676235095,238.22180117750307
2024-02-25,45869909.676235095,45869909.676235095,44973445.913440265,45055137.28321171,765.7930239095352
2024-02-26,45055137.28321171,45574471.857775554,44324815.693568274,44732527.462594226,167.5155766163881
2024-02-27,44732527.462594226,45528595.358857945,44732527.462594226,45451455.24155188,756.8026903394128
2024-02-28,45451455.24155188,47210232.39361839,45451455.24155188,47015685.10079695,864.0805803623687
2024-02-29,47015685.10079695,47015685.10079695,45416716.72740752,45716000.883214764,525.2218098080393
2024-03-01,45716000.883214764,46110055.92775402,45716000.883214764,46075170.90093319,558.8473294513444
2024-03-02,46075170.90093319,46075170.90093319,44994073.33987599,45116306.10440092,380.99284562987043
2024-03-03,45116306.10440092,45839462.40563798,45116306.10440092,45634870.2996092,972.5127253530288
2024-03-04,45634870.2996092,46137953.54732948,45210544.97810763,45606497.59416553,759.8120271035908
2024-03-05,45606497.59416553,45606497.59416553,43307629.91390611,44027686.54652068,432.08969797031045
2024-03-06,44027686.54652068,45072279.377384216,44027686.54652068,44933157.298950836,257.32664760970454
2024-03-07,44933157.298950836,44933157.298950836,44442214.308507405,44479331.7696565,297.6216329818822
2024-03-08,44479331.7696565,44600794.5165191,43899334.64235638,44093339.91650549,517.530057499045
2024-03-09,44093339.91650549,44093339.91650549,41960192.636692114,43238147.46238855,948.3115602829041
2024-03-10,43238147.46238855,43238147.46238855,42225485.54196241,42758823.8213215,760.7317111848263
2024-03-11,42758823.8213215,43584450.63716183,42725945.111596026,43210263.30833418,293.71937336123483
2024-03-12,43210263.30833418,43224411.79673307,42846463.82993497,43133137.87892136,873.6050200770082
2024-03-13,43133137.87892136,43888535.95543668,43133137.87892136,43502928.62387945,440.380470708713
2024-03-14,43502928.62387945,44120297.97066188,43294249.65092679,43904827.69270498,866.5499644772668
2024-03-15,43904827.69270498,45694271.74884211,43904827.69270498,45152305.79661693,317.5296381830178
2024-03-16,45152305.79661693,45152305.79661693,44868342.67303133,44933058.70607669,656.7945507426858
2024-03-17,44933058.70607669,44933058.70607669,43568994.7751263,43695730.04379169,934.0034392731537
2024-03-18,43695730.04379169,44865956.802959055,43675792.116980344,44715782.756103516,332.10460823301474
2024-03-19,44715782.756103516,45813130.45545152,43833810.58613062,44508759.25982135,723.6339315272694
2024-03-20,44508759.25982135,45764516.765548676,44508759.25982135,45589959.314111196,988.5813579614294
2024-03-21,45589959.314111196,47710092.21417919,45589959.314111196,46030702.172578424,235.53845851870315
2024-03-22,46030702.172578424,46794864.79116438,45852279.18989031,46002036.52499483,179.56206163060696
2024-03-23,46002036.52499483,46624616.700067095,46002036.52499483,46414928.62638392,706.7756732003346
2024-03-24,46414928.62638392,48549617.488767266,46414928.62638392,48318880.658185504,405.76235297412734
2024-03-25,48318880.658185504,51008793.48595865,48318880.658185504,50422665.90575634,164.120029629932
2024-03-26,50422665.90575634,50953756.06962293,49851180.83739356,50593478.87350709,527.7750560952437
2024-03-27,50593478.87350709,51553770.5306213,50593478.87350709,50856757.819228545,778.3936116795602
2024-03-28,50856757.819228545,52305105.98086555,50856144.40594706,52053153.03573894,356.6101603736699
2024-03-29,52053153.03573894,52426972.27607207,51230342.92964833,51276872.87871042,401.54218975462123
2024-03-30,51276872.87871042,51721995.73491054,50797618.19150869,51721002.767596066,861.1294605822749
2024-03-31,51721002.767596066,52009045.04554474,51612608.511471786,51797691.72451927,568.0647210353393
2024-04-01,51797691.72451927,53070918.13229272,51723561.097440936,52226481.52330578,858.4587719258249
2024-04-02,52226481.52330578,52226481.52330578,51087567.923548065,51460456.07543207,501.75054292933856
2024-04-03,51460456.07543207,51460456.07543207,49501120.01607774,49927379.624215715,957.677645404093
2024-04-04,49927379.624215715,49927379.624215715,47736799.37600305,47957261.76419518,685.715130745963
2024-04-05,47957261.76419518,47957261.76419518,46517006.065195255,46981442.63976766,204.30897878732446
2024-04-06,46981442.63976766,47280996.83497727,46625643.580983825,46644420.99325407,896.5836894041206
2024-04-07,46644420.99325407,46644420.99325407,45866482.49415617,46464194.79925408,540.3386717477181
2024-04-08,46464194.79925408,48716265.4204453,46464194.79925408,48357360.910898805,227.4750711756145
2024-04-09,48357360.910898805,49981510.52107666,48357360.910898805,49523734.04379397,237.42112045727865
2024-04-10,49523734.04379397,49523734.04379397,47809555.50784305,48669854.620449565,718.7805415988846
2024-04-11,48669854.620449565,49244521.42481344,48669854.620449565,49105652.72631226,142.6352560565408
2024-04-12,49105652.72631226,49105652.72631226,48254999.990258455,48804067.18163171,357.93438842243194
2024-04-13,48804067.18163171,48804067.18163171,48617589.771475516,48624113.07888026,225.8088314228813
2024-04-14,48624113.07888026,49203219.14550533,47796208.5178039,48901587.21170983,496.96968665555585
2024-04-15,48901587.21170983,50100866.23873291,48901587.21170983,49604959.393648125,472.9183947949252
2024-04-16,49604959.393648125,49881797.971037425,49287221.30288475,49367591.246095076,569.6887912199703
2024-04-17,49367591.246095076,51074769.91111331,49367591.246095076,50516722.1808785,351.6726961922772
2024-04-18,50516722.1808785,50516722.1808785,48743257.17099726,49464016.10288504,128.83923044035947
2024-04-19,49464016.10288504,50271532.751303606,49375559.423000686,49569215.2447461,652.9474958816672
2024-04-20,49569215.2447461,52475510.58064089,49569215.2447461,52243646.637020595,436.3462025941162
2024-04-21,52243646.637020595,52824869.43047199,52243646.637020595,52581223.915206484,686.2014988660418
2024-04-22,52581223.915206484,55023139.3686873,52581223.915206484,54193589.82084452,197.8002737238416
2024-04-23,54193589.82084452,54526013.88576614,54193589.82084452,54401173.140411206,112.3996197646453
2024-04-24,54401173.140411206,55547488.89942716,54401173.140411206,55141874.59307246,323.46482309676344
2024-04-25,55141874.59307246,55423832.01017007,54787733.16026442,55217106.64387122,510.89259069464697
2024-04-26,55217106.64387122,55515606.11839084,54720392.13587173,55166961.13883953,454.66477675162054
2024-04-27,55166961.13883953,55209397.17431434,53966787.40726916,54444845.03991541,829.2722997461198
2024-04-28,54444845.03991541,55231746.95512878,54293679.52231248,55049510.968693376,440.05387977354155
2024-04-29,55049510.968693376,55049510.968693376,54071462.315532535,54249600.62938846,577.397061642771
2024-04-30,54249600.62938846,55373432.300030775,54249600.62938846,55107379.296058334,634.164033197973
2024-05-01,55107379.296058334,56932647.04893496,55107379.296058334,56441294.19628015,119.64825248123044
2024-05-02,56441294.19628015,57839277.05462384,56441294.19628015,56996147.57153191,563.62003916157
2024-05-03,56996147.57153191,57831759.991647586,56458656.83326079,56812336.43926264,410.34813345895407
2024-05-04,56812336.43926264,58225806.69026252,56812336.43926264,57470184.18483141,479.15211491492914
2024-05-05,57470184.18483141,57470184.18483141,57056593.186826915,57259069.69819055,190.25865864572523
2024-05-06,57259069.69819055,58679836.670498446,57259069.69819055,58473588.53369504,804.5385090837807
2024-05-07,58473588.53369504,58473588.53369504,56295685.25394997,56477994.78889926,948.1638257276703
2024-05-08,56477994.78889926,56477994.78889926,55593291.90686996,56240101.15211708,120.04193856664
2024-05-09,56240101.15211708,56240101.15211708,53755957.489303485,54141432.045384936,641.235486530213
2024-05-10,54141432.045384936,54141432.045384936,52035748.979576446,52657890.938629135,787.4596605595223
2024-05-11,52657890.938629135,54258044.38410194,52657890.938629135,54225897.83703283,356.3268297849005
2024-05-12,54225897.83703283,55735838.05404008,54225897.83703283,55332306.769178264,808.8000263768951
2024-05-13,55332306.769178264,55332306.769178264,53949911.12868642,54674427.516451724,669.1195456896711
2024-05-14,54674427.516451724,54674427.516451724,52992534.22777605,53168143.25923232,936.246369043963
